term,effect,se,ci_low,ci_high,p_value,family,status,p_value_adjusted
intercept,0.01747734177777981,0.00018348366356195006,0.017117713797198387,0.017836969758361233,0.0,pre_specified_factorial,confirmatory,0.0
format_rich,0.006961750317337458,0.0002889108371040616,0.006395485076613497,0.007528015558061418,2.7177376979091075e-128,pre_specified_factorial,confirmatory,2.174190158327286e-127
format_conversational,0.004043861466969769,0.0002442732076866967,0.003565085979903844,0.004522636954035695,1.4816037210142087e-61,pre_specified_factorial,confirmatory,1.0371226047099461e-60
position_inline,-0.0021968736966018042,0.00024050665584208217,-0.0026682667420522854,-0.0017254806511513231,6.579650153464353e-20,pre_specified_factorial,confirmatory,3.947790092078612e-19
density_two,6.413740534755774e-05,0.00020361393214134233,-0.00033494590164947325,0.0004632207123445887,0.7527653204549403,pre_specified_factorial,confirmatory,1.0
rich_x_inline,7.15172083616553e-05,0.00031203398850982876,-0.000540069409117609,0.0006831038258409196,0.8187159180162266,pre_specified_factorial,confirmatory,1.0
conversational_x_inline,6.668661185555563e-06,0.000350903985406518,-0.0006811031502112197,0.0006944404725823309,0.9848377283786485,pre_specified_factorial,confirmatory,1.0
rich_x_two,-0.0001438761142746191,0.0003815653613139278,-0.0008917442224499175,0.0006039919939006793,0.7061230194499692,pre_specified_factorial,confirmatory,1.0
conversational_x_two,-0.00029350669783693236,0.0003406836219665224,-0.0009612465968913162,0.0003742332012174515,0.3889501855901981,pre_specified_factorial,confirmatory,1.0
