treatment,metric,effect,relative_effect,control_mean,se,ci_low,ci_high,p_value,margin,higher_is_better,noninferiority_pass
classic_text__top__two,user_utility,-0.00562846292087027,-0.007704601301309857,0.7305326649301601,0.00019795705372571598,-0.006016458746172673,-0.0052404670955678665,7.964672090194453e-178,-0.015,True,True
classic_text__inline__one,user_utility,0.005275455959212749,0.007221382714922254,0.7305326649301601,0.00014915739995821224,0.004983107455294653,0.005567804463130845,5.23136017099612e-274,-0.015,True,True
classic_text__inline__two,user_utility,-0.00013156712569195594,-0.00018009752610382445,0.7305326649301601,0.00015766396578322024,-0.0004405884986270676,0.0001774542472431557,0.4040116264664626,-0.015,True,True
rich_product__top__one,user_utility,9.436787467342889e-05,0.00012917680372642965,0.7305326649301601,0.0001438724042788659,-0.00018762203771314828,0.00037635778706000605,0.5118796812164201,-0.015,True,True
rich_product__top__two,user_utility,-0.0051819285301782925,-0.007093356367129308,0.7305326649301601,0.00019062952416825879,-0.0055555623975480795,-0.004808294662808505,1.0250233621349342e-162,-0.015,True,True
rich_product__inline__one,user_utility,0.005159281663330906,0.007062355882230318,0.7305326649301601,0.00018853854963342813,0.004789746106049386,0.005528817220612425,7.239480485069233e-165,-0.015,True,True
rich_product__inline__two,user_utility,-0.0001537240819785568,-0.0002104273899829695,0.7305326649301601,0.00016472434042802482,-0.00047658378921748546,0.00016913562526037185,0.35070628701052076,-0.015,True,True
conversational_sponsored__top__one,user_utility,0.005968576780031043,0.008170170981473698,0.7305326649301601,0.00016321504668415814,0.005648675288530093,0.006288478271531993,8.966499979042881e-293,-0.015,True,True
conversational_sponsored__top__two,user_utility,0.0007395811298167576,0.001012386119500163,0.7305326649301601,0.00016509840640374507,0.00041598825326541727,0.001063174006368098,7.476966321493565e-06,-0.015,True,True
conversational_sponsored__inline__one,user_utility,0.01099383476306448,0.015049066647985557,0.7305326649301601,0.00016348688188309862,0.010673400474573607,0.011314269051555354,0.0,-0.015,True,True
conversational_sponsored__inline__two,user_utility,0.0057478841017710725,0.007868072678612637,0.7305326649301601,0.0001917069917816216,0.0053721383978790945,0.00612362980566305,1.6520558899843313e-197,-0.015,True,True
classic_text__top__two,abandonment,0.003809743409219579,0.04463830789528171,0.08534694948914653,0.00022529152022462948,0.0033681720295793056,0.004251314788859853,3.7788767118147156e-64,0.01,False,True
classic_text__inline__one,abandonment,-0.013386138802696443,-0.1568437874208819,0.08534694948914653,0.00026131421846408706,-0.013898314670886053,-0.012873962934506832,0.0,0.01,False,True
classic_text__inline__two,abandonment,-0.00931842616398755,-0.10918288491579378,0.08534694948914653,0.0002512333682237787,-0.009810843565706157,-0.008826008762268944,3.965080373592763e-301,0.01,False,True
rich_product__top__one,abandonment,-0.00036259078216009655,-0.0042484328301178095,0.08534694948914653,0.0002703599369603839,-0.000892496258602449,0.00016731469428225593,0.17987469468473127,0.01,False,True
rich_product__top__two,abandonment,0.0031994199316649208,0.037487220701095905,0.08534694948914653,0.00025655500935969894,0.002696572113319911,0.0037022677500099304,1.0787752685791162e-35,0.01,False,True
rich_product__inline__one,abandonment,-0.013462836575482584,-0.15774244605186077,0.08534694948914653,0.0002664492446174498,-0.013985077094932786,-0.012940596056032382,0.0,0.01,False,True
rich_product__inline__two,abandonment,-0.009318910518770582,-0.1091885600428596,0.08534694948914653,0.00029741523076720313,-0.0099018443710743,-0.008735976666466864,1.6585884679174604e-215,0.01,False,True
conversational_sponsored__top__one,abandonment,0.008741939399742354,0.10242825844471519,0.08534694948914653,0.0003535510220739413,0.00804897939647743,0.009434899403007279,5.604635642502395e-135,0.01,False,True
conversational_sponsored__top__two,abandonment,0.012536179829854638,0.14688491978789292,0.08534694948914653,0.00028204797500663197,0.01198336579884164,0.013088993860867636,0.0,0.01,False,False
conversational_sponsored__inline__one,abandonment,-0.00421607449170637,-0.049399240593157034,0.08534694948914653,0.00024282033504639816,-0.004692002348397311,-0.0037401466350154297,1.574549172714709e-67,0.01,False,True
conversational_sponsored__inline__two,abandonment,-0.0010375526921243688,-0.0121568808063411,0.08534694948914653,0.00029615716253329804,-0.001618020730689633,-0.0004570846535591047,0.00045938420302151796,0.01,False,True
classic_text__top__two,reformulation,0.017925798124884873,0.09726763893320378,0.18429354635815706,0.0004384370284530948,0.017066461549116806,0.01878513470065294,0.0,0.01,False,False
classic_text__inline__one,reformulation,0.00025937974421935683,0.0014074271690191302,0.18429354635815706,0.0003343535907127412,-0.000395953293577616,0.0009147127820163297,0.43788787502656723,0.01,False,True
classic_text__inline__two,reformulation,0.018049531902945948,0.09793903400105174,0.18429354635815706,0.0003654872403217908,0.017333176911915237,0.01876588689397666,0.0,0.01,False,False
rich_product__top__one,reformulation,-0.0006806128269317702,-0.003693090943125396,0.18429354635815706,0.00048694882441617526,-0.0016350325227874737,0.0002738068689239334,0.16220042577965121,0.01,False,True
rich_product__top__two,reformulation,0.018348968729514636,0.09956381594532428,0.18429354635815706,0.00040674555382466367,0.017551747444018297,0.019146190015010976,0.0,0.01,False,False
rich_product__inline__one,reformulation,-0.00014010531488470312,-0.0007602290891533538,0.18429354635815706,0.0004963020299697957,-0.001112857293625503,0.0008326466638560965,0.7777146414014899,0.01,False,True
rich_product__inline__two,reformulation,0.018347172136920692,0.09955406740757324,0.18429354635815706,0.00041375254800968096,0.017536217142821716,0.019158127131019668,0.0,0.01,False,False
conversational_sponsored__top__one,reformulation,-0.006141165405776111,-0.03332273716107963,0.18429354635815706,0.00040153335979357637,-0.006928170790971521,-0.005354160020580701,8.347325939623441e-53,0.01,False,True
conversational_sponsored__top__two,reformulation,0.011498115574793771,0.062390223651392934,0.18429354635815706,0.00041419789061333085,0.010686287709191642,0.0123099434403959,1.3212772401155968e-169,0.01,False,False
conversational_sponsored__inline__one,reformulation,-0.006086673572414186,-0.03302705760832944,0.18429354635815706,0.0003875790893014317,-0.0068463285874449924,-0.00532701855738338,1.4124120103909886e-55,0.01,False,True
conversational_sponsored__inline__two,reformulation,0.012028148697083269,0.06526625014696771,0.18429354635815706,0.00032662169820133825,0.011387970168608645,0.012668327225557892,7.1020323827907e-297,0.01,False,False
classic_text__top__two,organic_engagement,-0.03512690742388369,-0.06398766702378096,0.5489637153176534,0.00019631556450811584,-0.0355116859303196,-0.03474212891744778,0.0,-0.015,True,False
classic_text__inline__one,organic_engagement,0.027781502918044154,0.050607175197305364,0.5489637153176534,0.00023434904375885688,0.027322178792276795,0.028240827043811513,0.0,-0.015,True,True
classic_text__inline__two,organic_engagement,-0.007022854820399105,-0.012792930797503413,0.5489637153176534,0.00016986427152424022,-0.0073557887925866155,-0.006689920848211594,0.0,-0.015,True,True
rich_product__top__one,organic_engagement,-0.00013151659419241568,-0.00023957247177313834,0.5489637153176534,0.0001783384423176185,-0.00048105994113494796,0.0002180267527501166,0.46084563708742843,-0.015,True,True
rich_product__top__two,organic_engagement,-0.035045924215109214,-0.06384014687533615,0.5489637153176534,0.00021287396492649448,-0.03546315718636514,-0.03462869124385329,0.0,-0.015,True,False
rich_product__inline__one,organic_engagement,0.02782703950228116,0.05069012527755003,0.5489637153176534,0.0002006755943219981,0.027433715337410042,0.028220363667152276,0.0,-0.015,True,True
rich_product__inline__two,organic_engagement,-0.006966113899884441,-0.012689570741216577,0.5489637153176534,0.00021329664016033907,-0.007384175314598705,-0.006548052485170176,5.917373443186926e-234,-0.015,True,True
conversational_sponsored__top__one,organic_engagement,-7.74967937237081e-05,-0.00014116924591066134,0.5489637153176534,0.00014308121023808354,-0.00035793596579035186,0.00020294237834293566,0.5880747796860355,-0.015,True,True
conversational_sponsored__top__two,organic_engagement,-0.03514673927938183,-0.06402379300978837,0.5489637153176534,0.00024790298109404323,-0.035632629122326155,-0.03466084943643751,0.0,-0.015,True,False
conversational_sponsored__inline__one,organic_engagement,0.027819373802910663,0.05067616133210773,0.5489637153176534,0.00018239705538238986,0.02746187557436118,0.028176872031460146,0.0,-0.015,True,True
conversational_sponsored__inline__two,organic_engagement,-0.007184344226305317,-0.013087102163297176,0.5489637153176534,0.00020739114916977557,-0.007590830878678077,-0.006777857573932557,5.994360223860049e-263,-0.015,True,True
classic_text__top__two,low_relevance_exposure,0.0003990769018526463,0.0019187770028903138,0.20798503486934872,0.00042443986905799113,-0.0004328252415010163,0.0012309790452063088,0.3470925842469953,0.01,False,True
classic_text__inline__one,low_relevance_exposure,-0.20798503486934872,-1.0,0.20798503486934872,0.00031228002544930197,-0.20859710371922935,-0.20737296601946809,0.0,0.01,False,True
classic_text__inline__two,low_relevance_exposure,-0.20798503486934872,-1.0,0.20798503486934872,0.00031228002544930197,-0.20859710371922935,-0.20737296601946809,0.0,0.01,False,True
rich_product__top__one,low_relevance_exposure,0.00020687127440402464,0.0009946449970978744,0.20798503486934872,0.000509150063927756,-0.000791062850894377,0.0012048053997024263,0.6845169858782645,0.01,False,True
rich_product__top__two,low_relevance_exposure,-0.0004244545645007425,-0.0020407937752222162,0.20798503486934872,0.0005509772289787888,-0.0015043699332991684,0.0006554608042976834,0.44108234178189754,0.01,False,True
rich_product__inline__one,low_relevance_exposure,-0.20798503486934872,-1.0,0.20798503486934872,0.00031228002544930197,-0.20859710371922935,-0.20737296601946809,0.0,0.01,False,True
rich_product__inline__two,low_relevance_exposure,-0.20798503486934872,-1.0,0.20798503486934872,0.00031228002544930197,-0.20859710371922935,-0.20737296601946809,0.0,0.01,False,True
conversational_sponsored__top__one,low_relevance_exposure,6.15259772121235e-05,0.0002958192508935687,0.20798503486934872,0.00042171038126903273,-0.0007650263700751806,0.0008880783244994276,0.8840032657749333,0.01,False,True
conversational_sponsored__top__two,low_relevance_exposure,-0.00020301772071332214,-0.0009761169636116035,0.20798503486934872,0.000306499965021308,-0.0008037576521550858,0.0003977222107284415,0.5077313263445442,0.01,False,True
conversational_sponsored__inline__one,low_relevance_exposure,-0.20798503486934872,-1.0,0.20798503486934872,0.00031228002544930197,-0.20859710371922935,-0.20737296601946809,0.0,0.01,False,True
conversational_sponsored__inline__two,low_relevance_exposure,-0.20798503486934872,-1.0,0.20798503486934872,0.00031228002544930197,-0.20859710371922935,-0.20737296601946809,0.0,0.01,False,True
classic_text__top__two,ad_density,1.0,1.0,1.0,0.0,1.0,1.0,1.0,0.25,False,False
classic_text__inline__one,ad_density,0.0,0.0,1.0,0.0,0.0,0.0,1.0,0.25,False,True
classic_text__inline__two,ad_density,1.0,1.0,1.0,0.0,1.0,1.0,1.0,0.25,False,False
rich_product__top__one,ad_density,0.0,0.0,1.0,0.0,0.0,0.0,1.0,0.25,False,True
rich_product__top__two,ad_density,1.0,1.0,1.0,0.0,1.0,1.0,1.0,0.25,False,False
rich_product__inline__one,ad_density,0.0,0.0,1.0,0.0,0.0,0.0,1.0,0.25,False,True
rich_product__inline__two,ad_density,1.0,1.0,1.0,0.0,1.0,1.0,1.0,0.25,False,False
conversational_sponsored__top__one,ad_density,0.0,0.0,1.0,0.0,0.0,0.0,1.0,0.25,False,True
conversational_sponsored__top__two,ad_density,1.0,1.0,1.0,0.0,1.0,1.0,1.0,0.25,False,False
conversational_sponsored__inline__one,ad_density,0.0,0.0,1.0,0.0,0.0,0.0,1.0,0.25,False,True
conversational_sponsored__inline__two,ad_density,1.0,1.0,1.0,0.0,1.0,1.0,1.0,0.25,False,False
